Orthogroup	CDUBI_A	CDUBI_B	CDUBI_C	CGRAY_A	CGRAY_B	CGRAY_C	CHAMU_A	CHAMU_B	CHAMU_C	CNERT_A	CNERT_B	CNERT_C	CRUST_A	CRUST_B	CTENE_A	CTENE_B	CTENE_C	OINCO_A	OINCO_B	PHORS_A	PHORS_B	PLUCI_A	PLUCI_B	PPALL_A
OG0009621	51.52	81.06	77.39	178.24	226.05	252.3	20.37	47.38	9.85	41.45	50.74	67.04	45.38	240.45	34.9	55.71	71.97	116.07	127.33	80.38	165.74	161.08	205.91	150
OG0009622	9.64	16.8	19.16	2.21	1.76	0.79	5.64	17.74	8.93	3.92	7	5.57	1.74	2.54	0	5.74	9.96	0	3.6	11.54	8.98	3.28	0	28.33
OG0009623	NA	NA	NA	NA	NA	NA	NA	NA	NA	NA	NA	NA	NA	NA	NA	NA	NA	NA	NA	NA	NA	NA	NA	20.37
OG0009625	12.04	22.13	13.43	21.07	28.36	50.69	2.96	8.33	2.26	50.35	71.84	35.05	1.64	21.08	0.4	10.89	12.52	25.61	12.17	53.23	77.66	77.08	47	7.35
OG0009629	93.81	99.71	110.45	215.27	219.71	187.23	44.92	137.73	44.25	147.16	216.11	210.63	44.6	180.6	49.37	124.83	109.99	296.63	1145.83	230.96	920.89	133.16	375.5	546.5
OG0009630	NA	NA	NA	NA	NA	NA	2.03	3.57	2.74	NA	NA	NA	NA	NA	0	2.66	4.02	NA	NA	NA	NA	NA	NA	11.11
OG0009631	30.89	162.76	222.41	312.42	210.04	267.13	10.25	1.6	33.72	11.08	99.05	123.77	179.05	89.22	74.36	225.77	324.07	514.31	338.57	65.43	63.91	391.24	141.66	174.87
OG0009633	7.83	10.4	17.39	12.15	17.7	30.91	1.22	0	0	4.33	9.82	0.21	4.82	20.85	4.94	22.01	33.5	35.04	33.41	2.84	27.24	23.28	20.37	31.7
OG0009634	525.26	341.93	413.37	295.32	235.99	396.14	43.23	77.94	81.9	235.47	314.27	257.74	287.87	342.54	123	208.58	266.4	261.59	284.49	33.01	43.29	40.25	32.14	142.94
OG0009635	403.08	306.62	324.86	210.5	151.85	310.23	23.48	64.49	31.33	159.7	242.08	193.68	175.71	164.17	72.35	150.11	186.35	127.18	205.33	116.97	227.66	320.25	142.78	120.93
OG0009636	13.81	7.52	22.11	1	3.98	0	5.46	1.9	5.74	0.62	3.87	16.06	13.79	45.02	0	3.29	2.12	6.61	0.55	45.77	30.14	7.17	15.72	3.23
OG0009637	NA	NA	NA	NA	NA	NA	NA	NA	NA	NA	NA	NA	NA	NA	NA	NA	NA	0	0	NA	NA	NA	NA	NA
OG0009638	1.61	0.64	2.5	0	2.22	0.26	1.82	5.32	1.62	0	0	2.02	0	3.49	3.52	4.18	5.46	3.94	4.36	12.63	11.23	0.57	5.15	12
OG0009639	1.41	7.95	18.66	32.93	40.35	49.4	9.21	11.69	8.61	4.84	17.36	14.21	15.58	63.29	15.91	29.88	29.93	57.3	33.48	34.32	66.27	22.47	43.83	71.97
OG0009642	15.02	14.87	20.24	13.92	16.9	21.23	5.74	8.59	4.08	22.35	20.79	24.36	10.6	13.39	2.86	16.4	17.61	30.15	21.33	0	1.73	12.4	22.27	24.46
OG0009643	13.55	32.44	23.45	13.21	16.73	19.7	4.37	9.05	3.18	11.96	16.28	22.72	5.06	21.18	3.96	12.3	13.06	52.5	39.99	15.25	3.86	16.02	31.34	17.14
OG0009644	432.4	215.74	333.73	207.3	189.88	273.95	18.73	50.7	35.11	63.57	88.35	100.26	260.17	292.02	48.32	113.8	139.8	88.29	124.46	69.82	164	197.21	71.81	107.42
OG0009650	87.09	107.14	145.19	64.79	107.44	87.28	11.94	21.88	18.65	6.87	26.99	69.45	38.1	89.22	46.71	85.73	86.32	109.33	71.72	118.26	76.8	39.1	78.65	81.43
OG0009651	NA	NA	NA	NA	NA	NA	NA	NA	NA	NA	NA	NA	NA	NA	NA	NA	NA	NA	NA	0	0	NA	NA	35.7
OG0009653	25.09	32.4	25.94	43.52	52.4	34.88	6.18	0.27	1.91	12.01	21.34	40.07	17.23	50.07	14.06	24.47	24.31	56.12	32.52	42.53	41.71	18.44	38.4	35.1
OG0009654	4.13	5.46	6.94	2.85	8.95	11.35	0.69	0	0	2.01	0.34	1.16	0.47	15.97	0.55	1.75	1.11	1.76	3.79	10.67	19.8	1.07	20.11	0
OG0009655	NA	NA	NA	4.17	2.12	2.19	1.77	8.71	0	NA	NA	NA	1.78	5.29	0	0.31	0.39	2.2	2.45	6.36	6.96	2.19	4.96	14.35
OG0009656	14.9	8.39	11.62	9.36	18.52	5.69	3.53	4.42	6.79	2.3	9.33	24.35	4.47	11.04	6.42	12.57	17.73	26.22	8.39	45.67	32.56	10.97	36.3	30.39
OG0009659	187.91	148.13	187.12	130.04	181.9	90.68	46.01	86.55	44.77	50.16	86.23	147.18	55.34	205.09	48.92	139.48	126.25	226.52	108.14	79.35	112.91	117.99	84.15	104.13
OG0009661	12.69	10.48	13.35	3.54	2.63	2.71	3.63	4.31	2.72	1.92	3.85	8.32	1.99	9.59	6.23	6.51	7.82	2.21	3.59	8.06	10.26	3.11	8.19	11.67
OG0009662	18.76	29.41	23.62	29.02	36.92	26.58	6.01	22.37	6.88	25.3	26.88	32.81	9.01	39.63	5.56	13.74	13.71	19.45	8.61	20.54	66.07	20.67	45.64	38.62
OG0009663	46.8	43.8	44.3	29.89	28.86	15.39	5.36	2.8	4.43	4.08	6.23	12.64	18.73	9.91	11.73	11.87	19.22	35.56	36.38	3.28	21.34	8.16	13.66	8.42
OG0009664	24.06	30.34	18.13	18.6	26.31	13.57	9.43	12.46	12.9	14.94	5.68	17.75	10.6	19.66	0.85	9.86	10.54	32.28	11.32	39.61	29.64	91.06	21.63	26.04
OG0009665	19.52	26.6	34.63	22.82	39.38	52.62	28	109.53	19.47	51.56	69.94	59.97	14.37	46.57	15.03	37.11	46.47	94.59	48.99	36.44	44.21	23.58	46.85	37.7
OG0009666	15.22	14.56	17.69	13.61	17.73	13.94	2.8	5.29	3.39	6.78	9.77	16.75	0	15.01	7.87	10	9.2	19.08	14.62	15.09	8.19	3.5	7.85	22.22
OG0009667	0	4.41	1.74	7.8	24.51	6.77	4.94	5.81	9.15	0.21	3.77	0	42.1	57.39	14.49	29.47	30.36	27.14	16.99	54.32	31.84	16.79	41.4	52.94
OG0009669	76.31	133.45	146.82	93.33	152.98	168.78	13.96	35.5	0	70.13	112.93	173.87	26.53	155.56	29.9	70.94	92.65	170.25	167.27	95.9	125.61	85.75	103.24	72.64
OG0009671	246.72	327.27	332.1	112.55	152.43	125.94	14.7	40.33	18.91	206.31	330.5	393.38	89.03	218.63	67.78	252.21	282.81	273.66	336.9	15.88	8.78	296.33	0	12.82
OG0009672	NA	NA	NA	0	0.69	2.5	NA	NA	NA	NA	NA	NA	NA	NA	NA	NA	NA	NA	NA	NA	NA	NA	NA	NA
OG0009674	NA	NA	NA	NA	NA	NA	NA	NA	NA	NA	NA	NA	9.06	19.83	NA	NA	NA	NA	NA	NA	NA	NA	NA	NA
OG0009678	NA	NA	NA	NA	NA	NA	0	2.1	0	NA	NA	NA	NA	NA	NA	NA	NA	NA	NA	NA	NA	NA	NA	NA
OG0009679	51.69	42.32	36.08	31.86	28.82	22.75	4.84	9.82	15.28	10.58	24.92	38.88	19.79	17.26	9.58	37.76	47.02	40.33	23.32	12.35	31	0	4.8	37.12
OG0009682	22.95	34.53	30.67	44.58	33.65	92.59	8.92	16.08	13.2	41.66	62.46	53.47	30.17	69.06	29.89	57.55	69.92	32.66	24.44	48.08	99.54	35.45	62.58	91.51
OG0009683	27.22	50.28	42.56	66.15	68.48	80.97	12.58	25.98	15.15	39.01	61.98	55.83	19.5	36.29	15.67	34.98	35.34	82.76	54.23	38.17	46	24.59	45.55	47
OG0009686	26.23	26.56	26.51	12.89	18.91	12.04	2.11	3.57	1.08	10.05	10.05	16.81	10.09	25.69	6.11	17.47	16.55	30.7	21.64	24.48	30.54	12.25	23.34	57.56
OG0009687	131.69	134.14	193.93	186.3	205.07	143.23	27.16	36.97	10.32	81.6	114.66	189.72	91.22	202.24	81.67	168.06	202.12	238.69	125.26	175.16	205.76	93.18	191.07	149.8
OG0009694	177.61	388.09	283.27	303.82	267.24	393.56	39.36	79.33	52.26	184.9	269.37	223.97	102.15	208.81	96.01	141.49	162.23	145.29	242.15	105.91	167.44	298.96	229.66	146.26
OG0009695	16.27	38.72	20.8	40.47	58.1	259.04	6.88	10.53	3.17	121.84	158.89	123.16	15.39	31.92	10.76	18.57	18.53	71.42	43.16	27.23	115.07	12.12	41.48	17.8
OG0009697	33.45	32.11	32.47	28.43	26.42	27.75	9.05	7.74	12.75	19.78	22.43	27.62	13.96	28.68	0	0	1.34	45.17	30.9	22.93	35.01	42.79	34.67	35.02
OG0009698	32.04	29.48	37.22	17.16	19.65	0	4.33	3.57	5.34	4.54	8.42	22.15	31.47	51.31	5.98	33.05	44.92	32.44	18.07	20.9	21.51	34.85	92.95	86.78
OG0009699	22.11	19.01	17.45	15.32	17.97	15.61	2.53	7.86	3.22	3.25	6.67	6.3	57.97	31.07	16.59	19.51	20.24	27.87	18.91	21.1	0	13.06	24.4	33.08
OG0009704	703.94	413.78	422.08	337.22	253.83	403.29	63.87	131.34	94.04	422.5	548.31	459.29	749.24	459.15	190.68	327.24	467.81	318.18	372.68	300.56	444.14	378.86	655.75	541.16
OG0009705	4.94	0	4.62	9.28	22.07	5.35	6.85	1.98	7.18	0	0	3.01	4.09	31.61	0.35	1.7	1.88	18.02	7.56	30.35	27.93	0.43	3.81	4.38
OG0009707	185.41	227.01	236.26	16.87	18.23	20.9	14.58	34.94	21.85	54.02	102.9	63.92	26.54	46.25	49.47	90.6	134.59	163.51	163.81	101.43	191.96	307.31	176.68	144.92
OG0009709	114.58	239.85	277.63	85.28	177.49	100.52	23.62	58.67	41.04	28.79	61.06	191.56	49.27	173.39	51.76	117.5	102.01	126.22	87.18	254.2	172.05	52.29	167.73	137.1
OG0009711	13.19	10	14.37	37.41	35.46	32.79	3.41	5.64	3.74	7.85	20.06	23.83	16.19	23.53	9.94	20.97	20.88	28.95	14.15	9.04	31.11	10.53	17.81	19.43
OG0009713	34.85	57.94	70.97	37.35	72.75	55.94	16.59	42.48	106.94	22.8	35.85	32.41	23.11	166.71	131.54	265.65	366.15	212.68	218.23	124.34	140.15	114.62	204.49	207.05
OG0009714	8.04	29.23	35.04	53.98	57.7	42.18	6.85	9.65	25.24	23.15	32.23	47.21	5.92	26.86	23.95	104.75	116.83	118.49	103.91	27.49	58.63	17.61	29.76	36.58
OG0009717	75.71	229.83	227.48	91.86	137.96	145.96	86.48	355.87	108	43.94	38.65	108.53	116.15	319.54	164.11	229.03	240.97	302.47	344.49	351.23	543.92	262.75	562.13	604.22
OG0009718	21701.76	10206.01	12095.85	13131.44	12241.8	5927.55	22.92	0.41	22.78	4.97	9.07	60.27	18946.22	21372.52	47.56	56.64	64.22	73.23	11.3	50.38	39.33	104.14	2656.84	1145.51
OG0009719	23.2	49.12	34.84	34.25	61.74	54.46	12.64	48.8	17.72	32.51	41.64	68.06	10.38	39.75	3.77	18.79	13.81	81.03	47.62	51.31	96.67	22.09	80.58	47.79
OG0009720	33.12	104.23	65.52	120.26	51.71	76.21	32.16	177.35	47.19	32.44	71.25	71.89	99.63	25.29	16.02	36.61	102.98	42.76	56.49	22.46	16.99	32.76	26.43	92.01
OG0009724	0.7	3.25	0.87	29.91	61.68	36.7	19.83	15.39	27.63	15.32	25.59	69.56	0	36.18	0.8	1.94	2.1	1.8	0.44	3.26	0	57.08	59.66	66.21
OG0009725	NA	NA	NA	NA	NA	NA	NA	NA	NA	NA	NA	NA	0.54	1.59	NA	NA	NA	NA	NA	NA	NA	NA	NA	NA
OG0009731	1.93	3.23	5.09	33.17	50.18	64.7	16.32	39.1	19.51	38.78	63.19	86.6	21.92	118.26	7.16	22.66	31.9	84.78	61.61	70.46	101.21	2.43	1.47	41.9
OG0009733	122.92	142.96	172.94	56.36	90.6	89.75	27.64	78.55	30.86	63.73	118.21	171.52	95.29	191.95	56.47	104.88	121.37	184.04	182.65	151.73	206.34	149.24	249.44	207.79
OG0009734	0	1.45	1.31	26.18	14.98	11.49	3.69	3.33	6.83	0	0	3.81	11.06	18.67	3.75	22.41	23.88	41.23	28.86	16.5	32.51	3.18	0	28.73
OG0009735	13.19	0	0	28.55	42.2	12.09	2.55	2.5	4.29	0.49	0	17.46	3.77	22.7	4.81	13.15	5.36	6.87	3.92	26.67	26.42	0	12.6	40.75
OG0009738	216.87	504.66	497.46	188.03	237.03	291.92	21.99	65.2	32.3	147.43	219.53	227.63	125.93	238.01	95.97	184.85	234.91	172.95	201.35	71.12	157.09	274.29	173.93	194.91
OG0009739	86.05	138.81	151.33	80.19	124.79	156.12	26.75	77.94	41.7	119.94	188.66	206.07	66.31	135.14	43.47	102.69	124.14	203.6	220.01	144.78	168.09	233.31	267.33	172.54
OG0009741	8.73	61.03	21.24	44.2	46.77	29.76	19.66	58.46	19.01	39.67	73.68	75	77.81	82.6	36.25	53.23	64.98	88.4	106.03	83.21	104.95	37.33	75.15	142.38
OG0009742	9.84	3.07	140.37	11.5	18.16	17.56	22.29	96.44	39.18	64.35	45.94	115.9	37.1	65.49	9.13	10.74	12.56	177.2	361.59	0	0	0	0	66.17
OG0009743	13.43	29.48	34.65	26.02	45.56	21.31	6.61	10.06	8.99	7.1	11.96	37.83	14.95	35.56	12.14	22.87	22.09	36.33	31.96	35.5	38.92	15.87	31.6	36.3
OG0009744	NA	NA	NA	NA	NA	NA	3.06	6.83	1.44	NA	NA	NA	NA	NA	NA	NA	NA	NA	NA	NA	NA	NA	NA	NA
OG0009748	222.03	195.92	193.67	189.45	170.17	227.87	18.86	67.92	27.08	66.03	144.65	138.46	146.29	119.33	50.85	138.17	190.93	133.07	205.1	113.01	150.99	135.45	87.89	79.59
OG0009749	18.22	36.49	43.01	48.14	53.45	285.45	14.21	48.23	18.55	279.97	329.74	74.67	0.27	34.9	19.74	48.26	91.15	75.12	82.77	25.28	18.04	64.73	36.72	47.63
OG0009750	10.24	11.01	16.68	12.51	17.02	20.24	3.54	6.61	3.84	14.12	15.09	18.45	4.68	17.34	4.88	11.87	15.79	28.59	26.98	20.35	37.43	8.98	21.33	28.93
OG0009751	48.07	13.93	48.65	14.43	29.83	16.27	0.21	0	0	0	0	12.56	24.66	40	15.57	36.83	41.24	59.96	16.6	54.64	27.78	0	40.45	40.85
OG0009752	132.3	5.5	135.7	145.94	173.4	51.88	NA	NA	NA	0.47	6.6	41.11	230.33	211.77	69.44	78.83	65.07	155.67	41.76	143.55	101.79	63.53	5.37	276.15
OG0009757	4.57	16.18	15.2	43.06	40.86	35.72	4.19	14.59	16.44	5.47	4.56	15.41	9.5	9.41	5.73	5.57	5.12	0.76	0.89	21.95	15.7	129.33	33.6	47.49
OG0009758	606.21	1001.65	1135.16	313.33	247.98	123.99	166.1	391.39	225.4	109.19	133.96	225.43	0	244.04	585.98	1062.78	1543.26	406.3	815.32	476.45	463.79	0	0.43	1588.62
OG0009761	135.48	215.91	199.94	69.87	98.29	100.56	22.84	40.04	26.79	43.55	61.69	128.35	15.77	36.96	24.35	49.3	57.69	68.96	41.26	130.8	144.47	70.24	95.33	84.22
OG0009763	9.45	0	0	10.43	11.55	7.46	4.82	0	0	0	0	0	13.13	14.72	8.54	19.28	19.88	25.19	18.07	19.07	26.17	11.36	20.18	29.15
OG0009765	210.73	152.08	112.67	78.83	67.61	90.89	13.4	42.67	13.78	25.2	33.28	32.61	98.28	66.35	39.91	39.97	49.77	56.79	63.44	39.79	40.72	93.58	25.77	48.44
OG0009766	386.34	272.99	358.62	227.71	201.34	297	39.99	87.77	59.27	183.5	337.2	286.74	298.79	310.12	148.96	305.15	375.98	348.46	440.3	179.7	330.97	252.33	106.82	252.35
OG0009769	74.44	112.69	141.28	140.85	148.22	194.32	20.91	88.57	23.38	105.11	176.23	223.45	69.55	128.18	55.43	122.53	139.15	155.63	194.5	119.95	168.18	156.08	87.66	130.89
OG0009770	NA	NA	NA	NA	NA	NA	NA	NA	NA	NA	NA	NA	48.18	18.63	NA	NA	NA	NA	NA	NA	NA	1.47	3.7	NA
OG0009771	33.58	18.26	34.92	36.85	27.94	13.11	5.2	3.85	0	0	11.38	0	0.3	0	18.58	20.67	21.62	32.45	15.05	29.29	68.01	3.92	36.87	7.56
OG0009775	105.89	69.69	48.66	6.01	28.24	29.66	4.7	12.04	5.45	26.02	37.41	53.66	0	17.77	0.84	7.87	12.93	38.78	0	54.01	47.77	116.14	44.26	40.66
OG0009776	237.98	381.84	403.2	175.32	243.39	284.12	36.37	70.27	41.04	85.32	175.36	194.91	83.35	277.05	81.44	111.08	147.34	275.8	277.1	275.35	390.12	197.98	314.16	325.51
OG0009778	7.81	6.74	8.64	6.91	6.67	1.35	0.51	7.37	1.26	3.68	6.63	19.51	16.7	9.74	1.81	11.74	11.37	17.23	11.73	NA	NA	9.03	10.89	36.87
OG0009781	5.72	24.15	30.57	37.17	25.72	29.56	3.18	0	10.71	1.44	15.98	18.4	30.99	8.46	15.21	40.73	50.7	86.39	45.79	37.67	23.73	106.75	46.19	60.91
OG0009784	54.61	65.69	68.55	56.35	57.35	59.03	15.01	29.07	14.41	43.45	56.93	81.05	41.24	68.49	22.13	40.46	40.44	89.44	64.69	42.19	68.66	42.47	35.53	51.08
OG0009786	30.84	14.56	31.11	20.33	24.49	34.87	21.9	52.28	11.69	54.54	95.86	125.11	241.25	135.85	6.03	1.26	11.76	20.27	18.9	235.91	262.87	220.98	263.25	340.99
OG0009788	5.47	12.96	29.09	9.9	2.12	11.57	17.04	41.38	8.69	3.39	16.5	7.67	23.72	64.08	23.79	92.11	143.07	14.42	5.88	83.57	79.53	167.67	83.36	77.96
OG0009789	116.15	110.37	120.74	100.78	109.54	152.13	30.34	82.46	50.85	47.44	58.82	74.73	86.47	96.61	35.72	53.57	53.45	111.77	92.8	66.45	51.55	51.53	60.93	65.89
OG0009790	170.33	386.73	288.47	136.09	142.84	170.38	37.78	98.17	39.56	202.89	286.61	266.83	56.08	102.7	76.87	121.48	158.26	268.72	323.87	201.99	279.16	378.18	244.78	277.87
OG0009791	NA	NA	NA	NA	NA	NA	NA	NA	NA	NA	NA	NA	NA	NA	NA	NA	NA	NA	NA	NA	NA	NA	NA	10.69
OG0009792	15.34	9.62	14.43	1.08	8.93	1.04	1.32	0	1.28	3.89	4.98	4.64	11.7	0	0	0.68	0	0.74	0.59	19.33	19.54	0	13.55	0
OG0009795	49.54	292.43	351.6	173.23	159.25	203.42	20.17	2.44	48.94	4.54	55.69	40.75	61.87	109.43	62	189.56	172.06	702.11	297.29	62.72	71.69	220.49	132.48	109.05
OG0009796	2.97	30.55	39.25	56.91	67.09	104.41	8.48	0	29.94	2.38	12.96	12.09	17.68	19.07	2.2	48.35	69.8	407.02	217.6	45.18	30.39	353.58	85.01	42.95
OG0009797	21.07	173.51	191.51	44.48	42.65	33.31	7.79	3.65	21.89	9.25	29.22	31.38	22.81	51.95	14.63	85.61	136.4	51.35	74.86	151.23	76.64	104.86	197.64	195.13
OG0009798	21.52	31.82	20.45	46.12	55.4	32.31	3.71	7.21	4.5	1.12	0	0.06	7.05	26.09	9.33	19.24	18.01	30.37	24.14	49.91	52.2	13.61	39.51	49.98
OG0009800	4.73	0	0.64	0	2.14	2.03	3.34	0	0	11.6	19.33	34.73	0	8.08	6.82	12.9	14.56	34.46	17.05	30.21	39.84	13.76	44.76	39.64
OG0009801	156.67	216.21	260.92	116.7	126.72	197.7	25.89	48.68	37.55	6.34	11.8	13.22	84.78	173.18	48.49	112.67	161.06	14.71	25.28	0	16.47	63.52	24.36	156.84
OG0009802	159.1	226.13	293.45	149.22	152.88	212.99	28.64	75.12	26.14	110.57	165.62	175.41	111.73	205.02	82.94	142.32	182.46	156.92	195.97	109.1	152.61	106.86	142.21	163.71
OG0009804	89.79	122.81	153.33	64.38	77.28	97.37	22.01	51.53	19.74	67.73	92.01	118.57	33.76	96.53	26.82	48.03	60.95	148.73	161.13	133.39	176.08	138.84	92.21	120.65
OG0009808	39.05	9.28	35.47	29.3	41.08	21.29	5.27	4.78	8.71	0.3	1.29	3.6	18.3	34	3.18	7.17	7.09	53.57	17.25	28.29	2.6	8.72	15.34	13.13
OG0009810	5.7	7.44	6.13	8.83	7.27	6.14	1.88	1.33	2.17	2.61	1.44	5.92	4.61	6.32	2.2	4.82	9.81	2.53	2.15	0	10.52	6.71	8.27	7.36
OG0009812	61.8	81.67	94.15	55.29	76.06	62.58	22.43	35.3	23.79	41.41	82.94	110.2	36.45	71.85	32.05	57.62	58.57	148.3	95.37	103.93	151.01	59.8	77.17	105.14
OG0009815	270.75	335.67	394.03	225.28	206.09	362.89	31.39	75.54	36.22	304.13	443.81	341.2	158.05	255.32	108.78	229.59	299.87	240.09	281.61	27.05	40.5	166.6	101.37	60.46
OG0009816	27.35	13	25.19	11.23	11.21	5.39	3.19	6.66	4.91	4.28	6.33	9.58	10.79	27.53	2.21	4.03	5.84	4.22	3.87	13.73	5.64	NA	NA	18.72
OG0009817	148.3	272.71	324.98	185.88	209.43	267.76	37.09	85.92	39.28	128.74	186.67	184.33	90.17	267.77	97.03	182.6	230.56	288	286.18	176.36	242.27	258.97	242.3	205.63
OG0009820	4.66	8.4	9.33	0	0	0	2.75	2.26	4.11	NA	NA	NA	NA	NA	NA	NA	NA	NA	NA	NA	NA	NA	NA	11.61
OG0009822	710.04	715.58	697.65	309.61	340.69	297.56	60.31	71.83	101.14	190.9	408.5	391.24	616.92	654.74	266.36	337.84	500.08	389.62	545.2	0	37.12	NA	NA	227.42
OG0009823	13.57	0	22.67	0.49	0	0	0	0	0.45	0	0	0.86	10.04	9.9	5.24	18.39	8.52	50.76	9.78	0.98	1.82	9.4	1.02	30.53
OG0009824	2.84	3.98	5.08	11.57	12.75	27.2	4.99	3.24	5.51	8.94	35.9	36.38	6.7	9.59	6.22	14.16	16.82	24.3	17.32	17.1	29.32	1.09	0.54	9.18
OG0009825	9.46	13.44	17.79	6.39	12.28	4.24	0.53	1	0.73	0	2.07	0	8.91	2.66	3.87	17.38	14.08	18.37	23.24	2.36	1.12	10.77	16.47	9.4
OG0009829	20.93	21.77	25.76	5.74	14.63	18.37	4.48	12.36	7.39	19.35	26.86	36.71	30.06	24.71	13.48	25.2	25.69	19.89	19.62	12.8	32.85	24.32	30.54	30.54
OG0009830	9.56	9.95	0	65.97	49.05	9.66	23.3	63.2	31.97	6.26	9.75	21.9	0.71	98.03	60.6	48.39	92.97	72.77	76.26	92.32	75.16	19.39	107.57	169.75
OG0009832	0.88	0.93	0.35	12.28	15.38	10.47	4.17	3.09	5.36	6.56	16.31	18.48	3.41	0	3.33	13.6	15.22	8.34	10.07	1.99	0.48	0	13.46	31.62
OG0009834	193.47	255.12	306.39	218.3	251.21	308.6	30.53	55.07	31.88	152.34	260.99	240.49	123.51	317.32	72.91	141.11	189.01	229.49	245.81	138.77	205.01	211.14	186.74	179.59
OG0009836	15.57	21.54	20.67	0	0.7	1.42	5.11	16.15	7.48	9.08	13.79	22.63	19.39	1.96	0	0	0	21.03	22.39	0.28	0.08	12.11	19.71	15.96
OG0009838	218.27	264.67	252.9	197.51	253.5	424.83	27.61	35.16	36.63	384.99	505.7	332.11	163.15	257.74	80.46	128.57	199.99	482.36	264.54	216.99	244.2	209.64	321.98	181.6
OG0009839	27.72	6.64	36.8	37.76	41.49	30.33	4.17	1.63	5.21	8.26	11.57	0	45.95	44.67	10.09	19.51	17.88	14.1	5.72	40.46	26.86	8.73	7.22	51.53
OG0009844	0	1.45	3.89	20.41	5.12	4.81	6.3	16.85	20.23	18.78	13.59	21.52	0	32.61	14.95	5.39	45.57	18.58	14.82	19.56	33	33.83	25.76	32.28
OG0009845	46.68	93.04	85.74	26.97	35.1	53.27	18.77	38.09	28.18	69.32	90.74	156.86	15.01	48.8	32.22	83.28	84.56	121.31	127.52	72.33	123.13	136.52	161.04	142.8
OG0009849	4.48	0	8.35	7.33	9.57	12.94	2	2.47	2.78	3.28	8.97	6.5	4.23	7.96	3.48	5.27	6.3	11.03	4.9	12.77	9.66	4.12	8.8	17.23
OG0009851	7.64	4.25	3.94	77.07	92.07	129.51	4.46	42.06	24.27	123.07	211.7	160.67	40.24	87.77	31.02	60.48	73.76	85.7	104.24	69.07	102.61	168.78	38.22	288.8
OG0009855	NA	NA	NA	86.52	74.25	160.74	NA	NA	NA	NA	NA	NA	NA	NA	NA	NA	NA	NA	NA	63.65	113.25	142.16	101.16	86.32
OG0009856	11.98	19.6	21.24	22.92	36.45	13.61	6.62	19.33	7.15	14.05	17.26	28.73	12.5	53.69	11.39	18.04	24.82	69.56	81.51	49.05	61.05	14.69	55.57	51.98
OG0009857	2.98	1.9	6.28	28.52	57.51	37.18	1.65	0.67	1.24	1.36	1.91	6.42	0	2.59	15.31	39.41	34.48	1.5	0.67	41.14	34.26	29.96	60.16	61.99
OG0009858	57.12	114.28	143.23	84.99	106.68	143.05	30.01	77.41	46.15	75.53	113.87	130.24	47.94	88.3	46.26	90.6	119.85	160.62	201.46	117.9	167.89	252.5	142.48	156.59
OG0009862	11.18	2.95	15.23	4.13	11.29	4.48	2.57	2.57	1.47	0.55	0.68	12.75	3.56	12.03	4.86	7.58	8.14	10.87	5.72	19.99	10.86	0	0	26.21
OG0009863	8.56	1.22	7.66	67.63	120.7	65.07	1.7	0.77	0	8.36	10.95	57.24	19.83	138.05	29.17	41.59	41.3	0	0	143.26	107.96	14.26	110.65	114.99
OG0009864	253.13	215.89	298.55	110.24	126.11	134.46	21.29	57.34	34.63	100.17	167.9	169.11	56.72	143.71	39.89	95.12	100.69	162.5	162.56	165.25	178.65	159.53	166.36	113.66
OG0009866	162.1	224.79	237.79	145.42	163.68	221.81	24.12	61.2	36.13	156.12	266.6	240.55	114.86	220.53	63.43	135.91	177.06	194.92	216.78	142.97	226	217.33	174.22	150.49
OG0009867	NA	NA	NA	NA	NA	NA	NA	NA	NA	NA	NA	NA	NA	NA	NA	NA	NA	NA	NA	1.49	5.91	8.83	24.84	NA
OG0009868	0	2.19	3.76	1.23	1.07	0.09	0	5.85	2.66	8.7	8.15	20.43	0	1.73	6.5	15.21	17.68	14.94	6.73	5.4	14.98	10.35	10.83	19.33
OG0009869	0	2.46	0	52.13	92.61	57.11	11.68	14.89	11.52	24.72	42.06	69.01	13.87	51.46	18.99	40.83	35.25	82.37	49.22	70.68	93.6	24.21	88.63	43.91
OG0009870	15.01	11.72	9.42	7.23	11.32	5.04	2.66	4.94	3.51	6.73	5.03	13.5	17.68	15.72	4.6	12.83	9.8	28.42	14.36	10.39	30.98	5.05	12.46	19.35
OG0009873	21.5	10.33	19.21	23.09	23.38	15.08	2.72	4.24	11.51	12.41	24.92	25.67	14.36	32.43	27.83	118.26	148.89	100.96	57.53	10.63	37.54	0	16.57	23.2
OG0009875	17.6	20.89	14.06	36.98	43.91	28.97	3.91	2.91	4.75	5.99	10.2	23.53	4.25	15.86	4.55	10.99	11.73	15.88	4.2	22.88	27.46	7.78	21.51	20.44
OG0009880	78.65	46.45	91.79	80.06	59.24	18.66	9.3	41.16	7.36	13	42.37	83.8	34.94	25.48	20.32	81.39	106.44	21.2	16.2	1.1	0.32	210.02	42.35	49.67
OG0009881	32.74	68.01	39.31	83.96	71.18	32.48	4.86	4.04	7.79	0	9.19	0	60.92	71.93	20.77	63.06	57.45	21.53	11.85	24.63	5.2	NA	NA	NA
OG0009884	158.59	101.45	159.87	79.15	76.76	70.14	15.31	40.26	29.48	36.9	50.11	79.08	64.16	74.1	24.68	85.06	67.74	117.49	137.54	53.9	68.45	189.54	175.09	80.39
OG0009885	124.34	126.67	145.42	390.04	403.97	490.4	54.31	139.26	67.06	216.94	365.41	342.92	211.9	425.62	116.21	244.69	288.43	282.73	356.33	53.31	74.26	387.08	298.26	69.86
OG0009887	50.14	493.2	89	223.76	123.11	75.42	28.2	129.73	12.47	37	25.92	129.8	395.85	378.6	98.05	95.94	80.59	100.7	78.36	46.11	1836.93	64.54	80.57	55.5
OG0009891	7.04	6.33	4.35	11.32	12.21	11.82	1.46	1.57	2.42	12.88	17.87	1.5	2.87	10.78	1.51	3.31	4.8	10.64	5.76	0	17.66	4.8	10.15	13.2
OG0009892	488.84	416.51	667.26	307.88	270.63	310.45	43.43	102.09	44.67	285.72	462.86	404.9	250.92	406.85	116.94	276.06	289.85	260.77	239.03	91.64	161.22	240.13	209.07	211.47
OG0009893	23.36	49.22	71.9	14.45	20.33	37.33	8.33	23.84	7.76	0	0	51.06	1.98	52.77	8.2	38.63	51.45	54.47	50.57	28.06	49.85	51.19	46.61	25.77
OG0009895	12.32	12.01	19.65	6.59	11.18	4.6	4.38	6.25	5.13	14.97	27.33	25.04	4.96	15.51	10.08	21.1	28	42.01	21.48	37.49	89.52	35.18	46.8	55.36
OG0009899	5.16	6.06	5.28	6.64	14.13	5.32	2.45	1.14	5.42	1.4	2.55	11.99	15.41	16.8	3.31	1.27	1.27	6.79	2.8	10.82	13.15	0	16.54	22.43
OG0009901	5.55	7.58	8.14	12.69	12.38	18.87	3.26	5.95	3.52	6.25	9.05	11.05	6.34	12.62	5.12	9.41	12.28	12.03	8.53	5.8	1.29	5.74	12.69	20
OG0009903	161.01	173.47	152.75	110.81	123.62	178.87	27.03	52.76	30.17	154.23	216.45	221.55	58.53	119.13	51.9	112.3	141.21	194.39	190.14	170.85	235.11	322.75	255.37	246.1
OG0009904	45.02	42.43	43.21	22.74	19.6	14.62	4.26	10.11	3.91	13.19	24.91	49.45	11.25	29.36	15.82	27.32	26.73	22.62	24.23	27.12	41.23	22.41	19.05	40.7
OG0009905	16.07	27.35	34.4	33.76	55.15	29.69	2.81	4.38	5.8	12.03	19.86	27.51	13.86	56.09	8.17	19.96	24.08	24.36	15.75	45.18	42	11.5	33.54	1.85
OG0009909	3.83	4.38	7.28	18.53	28.35	19.31	5.43	7.59	6.62	18.53	24.32	36.79	3.07	28.4	6.13	17.79	16.46	41.77	17.88	43.88	29.76	8.76	33.36	44.48
OG0009910	5.37	6.45	8.03	12.72	11.72	23.89	1.74	4.1	1.77	0	0.94	0	2.47	21.45	0.98	1.61	4.03	9.29	3.61	8.65	13.87	3.86	8.71	11.73
OG0009911	3.62	3.97	4.98	6.01	5.81	4.21	3	5.38	1.56	2.9	4.84	8.61	3.28	7.77	3.37	4.22	5	7.17	5.13	5.64	8.58	3.49	6.31	10.55
OG0009912	4.17	4.85	5	1.46	3.64	0	2.36	3.72	6.96	0.52	0.8	0.56	1.07	3.69	0	0	0	12.25	9.52	7.29	9.35	6.02	9.09	17.18
OG0009913	2.86	2.46	2.03	11.86	23.91	17.27	0.91	0.36	1.64	6.53	9.91	19.89	1.59	24.65	6.16	10.79	11.72	27.6	15.84	25.37	24.54	6.67	23.82	30.09
OG0009916	30.73	36.75	39.96	15.66	19.29	18.64	6.06	14.01	4.13	15.69	21.26	21.92	16.87	21.83	11.73	16.41	22.99	36.84	45.69	26.21	32.13	24.07	43.86	39.64
OG0009917	20.8	23.15	29.8	0	27.84	0.49	6.82	8.25	7.66	12.53	19.36	22.28	17.59	40.09	14.28	22.1	22.21	36.16	20.55	17.88	36.46	10.98	29.29	26.4
OG0009918	502.54	392.75	503.09	181.38	137.85	200.93	23.42	53.84	34.09	203	356.19	203.89	262.4	242.17	107.97	192.86	261.56	290.87	339.3	167.7	201.87	303.74	101.93	231.75
OG0009919	9.84	6.08	8.52	4.18	9.15	7.46	2.25	4.97	4.58	2.79	6.27	7.79	1.13	7.4	4.08	12.92	12.47	14.23	9.51	5.05	9.86	1.11	1.26	3.71
OG0009925	0	7.04	1.94	5.88	9.29	9.77	3.92	7.05	5.93	3.85	10.99	9.08	8.2	15.96	9.01	10.28	10.25	28.2	26.21	25.83	17.19	15	15	23.01
OG0009927	14.34	14.53	17.6	13.18	13.8	13.2	4.29	14.22	11.38	11.47	19.22	18.87	9.83	8.72	7.73	12.19	21.59	15.99	22.21	15.74	18.78	7.6	11.41	13.86
OG0009929	277.23	513.69	547.56	488.59	395.45	595.63	19.18	45.7	27.89	152.96	259.78	252.5	409.78	496.76	176.71	258.85	362.45	244.84	289.06	148.95	230.94	340.92	183.1	210.79
OG0009931	4.7	4.22	9.66	5.51	8.18	6.13	2.43	2.75	3.23	2.65	2.08	7.51	3.62	12.9	3.21	5.03	5.19	18.89	14.86	10.67	11.61	4.71	9.28	14.09
OG0009937	27.52	4.63	21.89	14.29	16.85	15.05	3.77	8.2	3.8	7.07	14.76	12.6	12.83	38.91	0	0	0	18.03	12.11	1.56	5.08	11.87	21.52	42.02
OG0009938	363.99	375.19	526.77	280.66	229.78	371.82	48.43	75.77	71.18	225.86	403.08	259.02	286.5	318.79	129.97	315.81	404.01	NA	NA	70.16	115.72	399.82	163.5	185.35
OG0009939	21.42	12.19	25.76	26.28	35.33	25.52	4.21	0	5.76	5.49	14.41	29.53	9.87	20.97	9.4	13.67	18.67	4.53	1.83	49.2	39.03	22.24	45.36	25.76
OG0009940	NA	NA	NA	NA	NA	NA	NA	NA	NA	NA	NA	NA	NA	NA	NA	NA	NA	NA	NA	15.73	12.13	NA	NA	NA
OG0009943	20.42	22.06	19.64	21.99	24.82	22.66	0	0	1.08	16.25	22.54	29.85	22.61	31.31	8.14	24.38	21.49	53.89	29.29	29.45	47.77	32.48	35.3	25.33
OG0009945	11.82	23.9	29.26	18.36	26.59	25.2	9.04	32.51	15.22	17.85	29	44.67	3.47	22.32	6.28	16.01	15.8	33.27	21.32	38.85	54.59	14.71	49.49	32.2
OG0009947	33.53	64.34	65.62	43.39	77	37.92	18.46	40.81	12.31	17.97	28.34	46.28	17.12	95.45	30.75	44.71	40.79	64.87	61.43	75.5	55.67	25.72	54.21	80.01
OG0009949	12.92	1.12	14.12	NA	NA	NA	1.97	0.8	6.64	NA	NA	NA	NA	NA	NA	NA	NA	NA	NA	13.06	8.05	NA	NA	NA
OG0009952	11.52	22.57	19	0	0.68	0	3.64	10.22	2.64	3.17	2	3.82	1.47	13.19	2.73	6.64	4.13	12.08	12.57	7.84	23.52	0	8.26	33.44
OG0009953	15.58	0	11.15	0	0	0	NA	NA	NA	15.58	14.49	9.08	0	7.24	2.79	6.25	11.57	3.33	3.49	91.7	526.63	4.25	1007.05	33.6
OG0009956	7.86	2.74	22.26	35.56	91.25	28.29	0	0.73	0	0.25	4.78	28.1	18.99	78.89	0	24.98	42.73	45.95	18.47	68.99	37.13	58.19	78.29	21.24
OG0009957	490.76	2493.18	2151.02	685.38	986.01	920.45	235.52	1049.47	315.58	469.23	452.25	1147.45	324.03	696.42	552.2	906.11	1284.4	838.68	829.85	1275.82	1242.03	906.39	1608.46	1814.78
OG0009958	18.21	18.22	19.2	34.33	40.36	30.46	3.92	8.48	5.32	10.85	13.75	7.2	0	15.15	5.7	19.95	20.75	42.92	19.45	13.86	0	10.61	38.1	32.32
OG0009959	9.24	4.94	9.23	3.09	9.13	2.33	3.62	3.31	3.66	3.99	6.26	13.35	0.93	6.2	3.8	11	5.15	25.27	9.33	0	0	0	1.92	13.72
OG0009960	13.99	2.18	9.28	45	51.34	43.74	5.11	2.92	3.81	2.36	7.97	9.56	13.98	3.21	7.64	6.45	15.6	9.33	8.58	24.27	24.3	3.6	15.25	22.8
OG0009961	20.04	13.85	14.66	8.63	27.13	15.52	2.85	6.52	4.77	12.26	14.73	22.74	0	1.59	2.97	2.95	2.81	22.28	9.79	1.47	15.28	1.17	3.29	1.94
OG0009962	5.41	7.34	9.49	5.08	6.27	14.25	2.69	4.19	6.27	0.97	0	0	2.16	12.27	15.35	38.65	49.66	1.8	0.73	3.39	10.21	6.4	8.17	18.72
OG0009965	2.53	10.02	6.33	1.91	12.28	12.37	1.69	6.09	4.04	0	0	6.79	3.37	14.94	2.48	2.79	2.93	9.18	8.29	6.96	10.4	4.22	10.23	16.55
OG0009967	6.61	14.53	13.28	15	9.04	10.75	6.32	10.85	2.95	9.7	9.36	7.77	2.08	12.37	11.13	18.9	19.35	10.41	24.02	26.99	46.88	7.56	33.39	67.44
OG0009968	0	0	12.43	NA	NA	NA	3.25	3.9	8.15	9.87	10.88	24.14	24.04	12.64	NA	NA	NA	NA	NA	0	1.67	5.91	42.02	NA
OG0009971	20.49	8.94	13.94	15.34	17.16	10.58	2.88	7.35	5.02	15.02	16.18	29.87	27.65	36.18	6	15.14	16.83	11.08	8.67	21.72	31.25	11.65	28.5	15.2
OG0009972	30.55	4.57	14.99	12.2	21.33	8.1	1.79	0	6.2	6.36	19.88	42.71	3.79	24.4	6.1	27.04	32.2	15.19	9.55	68.34	41.83	9.97	38.92	39.95
OG0009973	36.45	25.36	33.97	20.91	29.98	13.88	3.07	5.74	8.85	30.32	34.99	76.63	56.57	24.93	18.84	74.77	67.21	12.72	3.54	73.28	53.89	8.48	49.65	51.16
OG0009974	15.25	6.2	18.29	10.55	10.56	5.66	1.71	0	6.87	9.41	27.19	41.48	7.59	42.81	11.41	31.02	28	31.62	0.52	41.75	37.65	23.46	33.58	40.55
OG0009975	0	0	2.85	9.76	12	11.86	3.4	6.89	4.04	0.79	0.93	0	5.43	15.73	5.66	9.94	8.31	25.31	10.1	15.7	18.99	8.13	17.11	20.22
OG0009976	124.42	209.87	223.07	85.15	114.78	147.97	17.7	47.46	42.11	103.97	148.77	173.09	104.32	171.43	64.52	120.43	151.16	0.92	2.95	172.95	232.59	207.87	207.11	186.39
OG0009977	192.72	188.36	174.28	264.13	205.58	170.52	41.5	106.21	46.67	134.8	186.56	150.73	124.12	260.7	67.26	111.1	136.17	94.43	101.86	136.87	119.01	172.77	0	238.82
